Workbook

Sheet Assumptions
A1: India Data Center 24/7 Renewable Energy Matching Model — Model Assumptions
A2: Canonical parameters, regulatory references, and technical multipliers
A4: Parameter | B4: Value | C4: Unit | D4: Source / Regulatory Reference | E4: Notes
A5: Annual Operating Hours | B5: 8760 | C5: hours/year | D5: Standard Calendar Year | E5: Base continuous 24/7 calendar hours
A6: Data Center Utilization Factor | B6: 0.65 | C6: ratio (65%) | D6: Industry Standard IT/Facility Load Factor | E6: Accounts for server idling, redundancy headroom, and realistic facility power draw
A7: Unified National Grid Emission Factor | B7: 0.716 | C7: tCO2/MWh | D7: CEA CO2 Baseline Database (Ver 19.0/20.0) | E7: National Weighted Average for synchronous grid
A8: Western Region Operating Margin Proxy | B8: 0.82 | C8: tCO2/MWh | D8: CEA CO2 Baseline Database (Ver 19.0/20.0) | E8: Sensitivity proxy for Western Region (MH/GJ)
A9: Northern Region Operating Margin Proxy | B9: 0.785 | C9: tCO2/MWh | D9: CEA CO2 Baseline Database (Ver 19.0/20.0) | E9: Sensitivity proxy for Northern Region (UP/NCR)
A10: Eastern Region Operating Margin Proxy | B10: 0.89 | C10: tCO2/MWh | D10: CEA CO2 Baseline Database (Ver 19.0/20.0) | E10: Sensitivity proxy for Eastern Region (WB/Kolkata)
A11: Blended RE Solar Weight | B11: 0.6 | C11: ratio (60%) | D11: Standard Solar-Wind Hybrid PPA Ratio | E11: Weight applied to Solar CF when wind is viable
A12: Blended RE Wind Weight | B12: 0.4 | C12: ratio (40%) | D12: Standard Solar-Wind Hybrid PPA Ratio | E12: Weight applied to Wind CF when wind is viable
A13: Jamnagar Conservative Wind CF | B13: 0.24 | C13: ratio (24.0%) | D13: GERC Historical Siting Filings | E13: Conservative coastal Gujarat empirical baseline
A14: Jamnagar Claimed Regional Wind CF | B14: 0.32 | C14: ratio (32.0%) | D14: NIWE 120m/150m Resource Atlas (Kutch Corridor) | E14: Claimed regional macro-corridor upside (unverified at site)

Sheet Demand_Supply_Model
A1: Data Center Electricity Demand, RE Resource Supply & 24/7 Matching Model (9 Clusters)
A2: Methodology: Demand = MW * 8760 * 0.65; Blended RE = Solar*0.6 + Wind*0.4 (or 100% Solar where Wind is Not Viable)
A4: Cluster | B4: State | C4: Total Low MW | D4: Total High MW | E4: Demand GWh (Low) | F4: Demand GWh (High) | G4: Grid EF (tCO2/MWh) | H4: BAU Grid RE Share (%) | I4: Solar CF (%) | J4: Wind CF Conservative (%) | K4: Wind CF Claimed (%) | L4: Blended RE Match Cons (%) | M4: Blended RE Match Claimed (%) | N4: 24/7 RE Match Gap Cons (%) | O4: 24/7 RE Match Gap Claimed (%) | P4: CO2 Avoided Low Cons (t/yr) | Q4: CO2 Avoided High Cons (t/yr) | R4: CO2 Avoided Low Claimed (t/yr) | S4: CO2 Avoided High Claimed (t/yr) | T4: BESS Tariff Signal | U4: Confidence & Sourcing Status
A5: Mumbai/Navi Mumbai | B5: Maharashtra | C5: 766.6 | D5: 2316.6 | E5: =C5*Assumptions!$B$5*Assumptions!$B$6/1000 | F5: =D5*Assumptions!$B$5*Assumptions!$B$6/1000 | G5: 0.716 | H5: 0.368 | I5: 0.208 | J5: 0.24 | K5: 0.24 | L5: =IF(J5>0, I5*Assumptions!$B$11 + J5*Assumptions!$B$12, I5*1.0) | M5: =IF(K5>0, I5*Assumptions!$B$11 + K5*Assumptions!$B$12, I5*1.0) | N5: =1-L5 | O5: =1-M5 | P5: =MAX(0, (E5*1000)*G5*(L5-H5)) | Q5: =MAX(0, (F5*1000)*G5*(L5-H5)) | R5: =MAX(0, (E5*1000)*G5*(M5-H5)) | S5: =MAX(0, (F5*1000)*G5*(M5-H5)) | T5: ₹2.38–2.40 L/MW/mo (MSEDCL) | U5: High (Tier 2 Reports / Statutory RE)
A6: Chennai | B6: Tamil Nadu | C6: 191.5 | D6: 706.5 | E6: =C6*Assumptions!$B$5*Assumptions!$B$6/1000 | F6: =D6*Assumptions!$B$5*Assumptions!$B$6/1000 | G6: 0.716 | H6: 0.532 | I6: 0.21 | J6: 0.315 | K6: 0.315 | L6: =IF(J6>0, I6*Assumptions!$B$11 + J6*Assumptions!$B$12, I6*1.0) | M6: =IF(K6>0, I6*Assumptions!$B$11 + K6*Assumptions!$B$12, I6*1.0) | N6: =1-L6 | O6: =1-M6 | P6: =MAX(0, (E6*1000)*G6*(L6-H6)) | Q6: =MAX(0, (F6*1000)*G6*(L6-H6)) | R6: =MAX(0, (E6*1000)*G6*(M6-H6)) | S6: =MAX(0, (F6*1000)*G6*(M6-H6)) | T6: ₹3.15–3.16 L/MW/mo (TNGECL) | U6: High (Subsea Landing Hub / Statutory RE)
A7: Hyderabad | B7: Telangana | C7: 151.4 | D7: 751.4 | E7: =C7*Assumptions!$B$5*Assumptions!$B$6/1000 | F7: =D7*Assumptions!$B$5*Assumptions!$B$6/1000 | G7: 0.716 | H7: 0.345 | I7: 0.215 | J7: 0.19 | K7: 0.19 | L7: =IF(J7>0, I7*Assumptions!$B$11 + J7*Assumptions!$B$12, I7*1.0) | M7: =IF(K7>0, I7*Assumptions!$B$11 + K7*Assumptions!$B$12, I7*1.0) | N7: =1-L7 | O7: =1-M7 | P7: =MAX(0, (E7*1000)*G7*(L7-H7)) | Q7: =MAX(0, (F7*1000)*G7*(L7-H7)) | R7: =MAX(0, (E7*1000)*G7*(M7-H7)) | S7: =MAX(0, (F7*1000)*G7*(M7-H7)) | T7: ₹3.04–3.75 L/MW/mo (SECI ISTS) | U7: High (DISCOM & AI Roadmap Filings)
A8: Pune | B8: Maharashtra | C8: 45 | D8: 145 | E8: =C8*Assumptions!$B$5*Assumptions!$B$6/1000 | F8: =D8*Assumptions!$B$5*Assumptions!$B$6/1000 | G8: 0.716 | H8: 0.368 | I8: 0.208 | J8: 0.24 | K8: 0.24 | L8: =IF(J8>0, I8*Assumptions!$B$11 + J8*Assumptions!$B$12, I8*1.0) | M8: =IF(K8>0, I8*Assumptions!$B$11 + K8*Assumptions!$B$12, I8*1.0) | N8: =1-L8 | O8: =1-M8 | P8: =MAX(0, (E8*1000)*G8*(L8-H8)) | Q8: =MAX(0, (F8*1000)*G8*(L8-H8)) | R8: =MAX(0, (E8*1000)*G8*(M8-H8)) | S8: =MAX(0, (F8*1000)*G8*(M8-H8)) | T8: ₹2.38–2.40 L/MW/mo (MSEDCL) | U8: Medium (Colocation Hub / State Mix)
A9: Delhi-NCR/Noida | B9: Uttar Pradesh | C9: 153 | D9: 353 | E9: =C9*Assumptions!$B$5*Assumptions!$B$6/1000 | F9: =D9*Assumptions!$B$5*Assumptions!$B$6/1000 | G9: 0.716 | H9: 0.224 | I9: 0.195 | J9: 0 | K9: 0 | L9: =IF(J9>0, I9*Assumptions!$B$11 + J9*Assumptions!$B$12, I9*1.0) | M9: =IF(K9>0, I9*Assumptions!$B$11 + K9*Assumptions!$B$12, I9*1.0) | N9: =1-L9 | O9: =1-M9 | P9: =MAX(0, (E9*1000)*G9*(L9-H9)) | Q9: =MAX(0, (F9*1000)*G9*(L9-H9)) | R9: =MAX(0, (E9*1000)*G9*(M9-H9)) | S9: =MAX(0, (F9*1000)*G9*(M9-H9)) | T9: ₹3.04–3.75 L/MW/mo (SECI ISTS) | U9: High (Yotta D2 / Bundelkhand Solar)
A10: Bengaluru | B10: Karnataka | C10: 107.1 | D10: 257.1 | E10: =C10*Assumptions!$B$5*Assumptions!$B$6/1000 | F10: =D10*Assumptions!$B$5*Assumptions!$B$6/1000 | G10: 0.716 | H10: 0.612 | I10: 0.225 | J10: 0.28 | K10: 0.28 | L10: =IF(J10>0, I10*Assumptions!$B$11 + J10*Assumptions!$B$12, I10*1.0) | M10: =IF(K10>0, I10*Assumptions!$B$11 + K10*Assumptions!$B$12, I10*1.0) | N10: =1-L10 | O10: =1-M10 | P10: =MAX(0, (E10*1000)*G10*(L10-H10)) | Q10: =MAX(0, (F10*1000)*G10*(L10-H10)) | R10: =MAX(0, (E10*1000)*G10*(M10-H10)) | S10: =MAX(0, (F10*1000)*G10*(M10-H10)) | T10: ₹2.49–2.54 L/MW/mo (KPTCL) | U10: Medium (State-level RE Proxy / Pavagada)
A11: Vizag | B11: Andhra Pradesh | C11: 1000 | D11: 1000 | E11: =C11*Assumptions!$B$5*Assumptions!$B$6/1000 | F11: =D11*Assumptions!$B$5*Assumptions!$B$6/1000 | G11: 0.716 | H11: 0.441 | I11: 0.22 | J11: 0.27 | K11: 0.27 | L11: =IF(J11>0, I11*Assumptions!$B$11 + J11*Assumptions!$B$12, I11*1.0) | M11: =IF(K11>0, I11*Assumptions!$B$11 + K11*Assumptions!$B$12, I11*1.0) | N11: =1-L11 | O11: =1-M11 | P11: =MAX(0, (E11*1000)*G11*(L11-H11)) | Q11: =MAX(0, (F11*1000)*G11*(L11-H11)) | R11: =MAX(0, (E11*1000)*G11*(M11-H11)) | S11: =MAX(0, (F11*1000)*G11*(M11-H11)) | T11: ₹2.80–3.20 L/MW/mo (APGECL) | U11: High (AdaniConneX 1 GW AI Campus)
A12: Kolkata | B12: West Bengal | C12: 42.4 | D12: 67.4 | E12: =C12*Assumptions!$B$5*Assumptions!$B$6/1000 | F12: =D12*Assumptions!$B$5*Assumptions!$B$6/1000 | G12: 0.716 | H12: 0.138 | I12: 0.182 | J12: 0 | K12: 0 | L12: =IF(J12>0, I12*Assumptions!$B$11 + J12*Assumptions!$B$12, I12*1.0) | M12: =IF(K12>0, I12*Assumptions!$B$11 + K12*Assumptions!$B$12, I12*1.0) | N12: =1-L12 | O12: =1-M12 | P12: =MAX(0, (E12*1000)*G12*(L12-H12)) | Q12: =MAX(0, (F12*1000)*G12*(L12-H12)) | R12: =MAX(0, (E12*1000)*G12*(M12-H12)) | S12: =MAX(0, (F12*1000)*G12*(M12-H12)) | T12: ₹3.04–3.75 L/MW/mo (SECI ISTS) | U12: Medium (Facility Sum / Low Non-Fossil)
A13: Jamnagar | B13: Gujarat | C13: 1000 | D13: 3000 | E13: =C13*Assumptions!$B$5*Assumptions!$B$6/1000 | F13: =D13*Assumptions!$B$5*Assumptions!$B$6/1000 | G13: 0.716 | H13: 0.574 | I13: 0.23 | J13: 0.24 | K13: 0.32 | L13: =IF(J13>0, I13*Assumptions!$B$11 + J13*Assumptions!$B$12, I13*1.0) | M13: =IF(K13>0, I13*Assumptions!$B$11 + K13*Assumptions!$B$12, I13*1.0) | N13: =1-L13 | O13: =1-M13 | P13: =MAX(0, (E13*1000)*G13*(L13-H13)) | Q13: =MAX(0, (F13*1000)*G13*(L13-H13)) | R13: =MAX(0, (E13*1000)*G13*(M13-H13)) | S13: =MAX(0, (F13*1000)*G13*(M13-H13)) | T13: ₹2.10–2.32 L/MW/mo (GUVNL) | U13: Tiered (Meta 168MW Verified; 1GW Ph1; 3GW Master Plan; Wind 24% Cons/32% Claimed)
A14: Total National (All 9 Clusters) | B14: India Synchronous Grid | C14: =SUM(C5:C13) | D14: =SUM(D5:D13) | E14: =SUM(E5:E13) | F14: =SUM(F5:F13) | G14: 0.716 | H14: =AVERAGE(H5:H13) | I14: =AVERAGE(I5:I13) | J14: =AVERAGE(J5:J13) | K14: =AVERAGE(K5:K13) | L14: =AVERAGE(L5:L13) | M14: =AVERAGE(M5:M13) | N14: =AVERAGE(N5:N13) | O14: =AVERAGE(O5:O13) | P14: =SUM(P5:P13) | Q14: =SUM(Q5:Q13) | R14: =SUM(R5:R13) | S14: =SUM(S5:S13) | T14: National BESS Portfolio | U14: Headline finding: 75-82% RE-matching gap across clusters

Sheet Slide_Ready_Summary
A1: Data Center 24/7 Renewable Energy & Decarbonization Roadmap — Slide-Ready Summary
A2: Executive deck summary: Un-stored dedicated RE buildout leaves a 75–82% matching gap across all clusters
A4: Cluster | B4: Demand Today (GWh/yr - Low) | C4: Demand Future (GWh/yr - High) | D4: Current Grid RE Share (%) | E4: RE Matched Under Framework (%) | F4: 24/7 RE Matching Gap (%) | G4: CO2 Avoided Today (Tonnes/yr) | H4: CO2 Avoided Future (Tonnes/yr) | I4: One-Line Confidence & Sourcing Note
A5: Mumbai/Navi Mumbai | B5: =ROUND(Demand_Supply_Model!E5, 0) | C5: =ROUND(Demand_Supply_Model!F5, 0) | D5: =Demand_Supply_Model!H5 | E5: =Demand_Supply_Model!L5 | F5: =Demand_Supply_Model!N5 | G5: =ROUND(Demand_Supply_Model!P5, 0) | H5: =ROUND(Demand_Supply_Model!Q5, 0) | I5: 77.9% matching gap; dedicated RE buildout CF (22.1%) is below Maharashtra grid mix (36.8%), yielding 0 avoided CO2 without storage.
A6: Chennai | B6: =ROUND(Demand_Supply_Model!E6, 0) | C6: =ROUND(Demand_Supply_Model!F6, 0) | D6: =Demand_Supply_Model!H6 | E6: =Demand_Supply_Model!L6 | F6: =Demand_Supply_Model!N6 | G6: =ROUND(Demand_Supply_Model!P6, 0) | H6: =ROUND(Demand_Supply_Model!Q6, 0) | I6: 74.8% matching gap; top coastal wind corridor (31.5% CF) yields 25.2% blended match, below TN grid baseline (53.2%).
A7: Hyderabad | B7: =ROUND(Demand_Supply_Model!E7, 0) | C7: =ROUND(Demand_Supply_Model!F7, 0) | D7: =Demand_Supply_Model!H7 | E7: =Demand_Supply_Model!L7 | F7: =Demand_Supply_Model!N7 | G7: =ROUND(Demand_Supply_Model!P7, 0) | H7: =ROUND(Demand_Supply_Model!Q7, 0) | I7: 79.5% matching gap; un-stored solar+wind achieves 20.5% match vs 34.5% Telangana grid mix; requires BESS or interstate imports.
A8: Pune | B8: =ROUND(Demand_Supply_Model!E8, 0) | C8: =ROUND(Demand_Supply_Model!F8, 0) | D8: =Demand_Supply_Model!H8 | E8: =Demand_Supply_Model!L8 | F8: =Demand_Supply_Model!N8 | G8: =ROUND(Demand_Supply_Model!P8, 0) | H8: =ROUND(Demand_Supply_Model!Q8, 0) | I8: 77.9% matching gap; secondary colocation cluster; benefits from Satara ridge wind but cannot match 24/7 load without storage.
A9: Delhi-NCR/Noida | B9: =ROUND(Demand_Supply_Model!E9, 0) | C9: =ROUND(Demand_Supply_Model!F9, 0) | D9: =Demand_Supply_Model!H9 | E9: =Demand_Supply_Model!L9 | F9: =Demand_Supply_Model!N9 | G9: =ROUND(Demand_Supply_Model!P9, 0) | H9: =ROUND(Demand_Supply_Model!Q9, 0) | I9: 80.5% matching gap; zero local wind viability (<100 W/m²); 19.5% solar-only match is below UP grid mix (22.4%).
A10: Bengaluru | B10: =ROUND(Demand_Supply_Model!E10, 0) | C10: =ROUND(Demand_Supply_Model!F10, 0) | D10: =Demand_Supply_Model!H10 | E10: =Demand_Supply_Model!L10 | F10: =Demand_Supply_Model!N10 | G10: =ROUND(Demand_Supply_Model!P10, 0) | H10: =ROUND(Demand_Supply_Model!Q10, 0) | I10: 75.3% matching gap; state grid has India's highest RE share (61.2%); peri-urban relocation solves urban water crisis rather than grid mix.
A11: Vizag | B11: =ROUND(Demand_Supply_Model!E11, 0) | C11: =ROUND(Demand_Supply_Model!F11, 0) | D11: =Demand_Supply_Model!H11 | E11: =Demand_Supply_Model!L11 | F11: =Demand_Supply_Model!N11 | G11: =ROUND(Demand_Supply_Model!P11, 0) | H11: =ROUND(Demand_Supply_Model!Q11, 0) | I11: 76.0% matching gap; 1 GW Google/AdaniConneX hub backed by 24.0% blended solar-wind resource, below 44.1% AP state grid.
A12: Kolkata | B12: =ROUND(Demand_Supply_Model!E12, 0) | C12: =ROUND(Demand_Supply_Model!F12, 0) | D12: =Demand_Supply_Model!H12 | E12: =Demand_Supply_Model!L12 | F12: =Demand_Supply_Model!N12 | G12: =ROUND(Demand_Supply_Model!P12, 0) | H12: =ROUND(Demand_Supply_Model!Q12, 0) | I12: 81.8% matching gap; only cluster where dedicated RE (18.2%) beats low coal grid (13.8%), avoiding 7.6k–12.1k t CO2/yr.
A13: Jamnagar | B13: =ROUND(Demand_Supply_Model!E13, 0) | C13: =ROUND(Demand_Supply_Model!F13, 0) | D13: =Demand_Supply_Model!H13 | E13: =Demand_Supply_Model!L13 | F13: =Demand_Supply_Model!N13 | G13: =ROUND(Demand_Supply_Model!P13, 0) | H13: =ROUND(Demand_Supply_Model!Q13, 0) | I13: 76.6% matching gap (conservative 24% wind CF yields 23.4% match; claimed 32% wind gives 26.6% match / 73.4% gap); captive giga-complex.
A14: Total National Impact (9 Clusters) | B14: =SUM(B5:B13) | C14: =SUM(C5:C13) | D14: =AVERAGE(D5:D13) | E14: =AVERAGE(E5:E13) | F14: =AVERAGE(F5:F13) | G14: =SUM(G5:G13) | H14: =SUM(H5:H13) | I14: National headline: Un-stored dedicated RE leaves an average 77.8% 24/7 matching gap across India.
